<?xml version="1.0" encoding="UTF-8" ?> 
    <!DOCTYPE log4j:configuration SYSTEM "log4j.dtd"> 
    
    <log4j:configuration debug="false" xmlns:log4j="http://jakarta.apache.org/log4j/"> 
   
     <appender name="application" class="org.apache.log4j.RollingFileAppender">
        <param name="File" value="src/Resurces/LogFile/Log.log"/>
        <param name="MaxFileSize" value="100MB"/>
        <param name="MaxBackupIndex" value="10"/>
        
        <layout class="org.apache.log4j.PatternLayout">
            <param name="ConversionPattern" value="%p %c: %m%n"/>
        </layout>
    </appender>  
     <appender name="console" class="org.apache.log4j.ConsoleAppender"> 
       <param name="Target" value="System.out"/> 
        <layout class="org.apache.log4j.PatternLayout"> 
          <param name="ConversionPattern" value="%p %c: %m%n"/> 
       </layout> 
     </appender>   
    
    
        
    
     <!--Корневой logger--> 
     <root> 
       <priority value ="debug" /> 
        <appender-ref ref="console" /> 
        <appender-ref ref="application" /> 
     </root> 
    
   </log4j:configuration>